sonic,rmse_0-6h_tke,bias_0-6h_tke,rmse_6-12h_tke,bias_6-12h_tke,rmse_12-18h_tke,bias_12-18h_tke,rmse_18-24h_tke,bias_18-24h_tke
tnw01.2m,0.1723301249924007,0.1091267415466331,0.2222709044093964,0.1206846757868671,0.7941287773344353,0.624433676230211,0.5410871418636678,0.4618396685054865
tnw01.10m,0.175767763242017,0.0687750124568542,0.453180100216774,-0.2889232983337573,0.8997369094929119,0.4338337160086185,0.5852724978804953,0.1598181913902246
tnw01.20m,0.1801027798448561,0.0634082654350146,0.6613748420832755,-0.3935915293651221,0.7813068795979109,0.0869878349992306,0.7824477312220738,-0.0521934209790049
tnw02.2m,0.3231359110706018,0.2827146089437331,0.1627526269253151,0.0609857747646812,0.3827457144150141,0.2172976011622773,0.9325689027813754,0.886259952053283
tnw02.10m,0.1192825218753591,0.0342008990309167,0.3017382308560597,-0.2304447182224903,0.4412388227032505,-0.0879608915847671,0.6553131573528348,0.5224740836397459
tnw02.20m,0.1417657453814168,-0.0585819569693703,0.6461087775357357,-0.4663807455032938,0.7905301476902142,-0.53825394506494,0.469783543093029,0.098360279265586
tnw03.2m,0.5539182655904107,0.4374264536723462,0.2190875908770661,0.0762970948236385,0.8028575221212209,0.7667993845330808,0.6020909449259213,0.5639482722721038
tnw03.10m,0.1579624187565473,-0.0442248582408552,0.1160055679255004,-0.0818159503627033,0.3156426022212182,-0.1353885326333782,0.3697235438502819,0.1800522964852455
tnw04.2m,0.2598808040790662,0.1981787351415999,0.0639342730091793,0.027306389778692,0.3907337413938698,0.3069528528731485,0.4072587376626596,0.3753086677546151
tnw04.4m,0.2023222705493956,0.151817785998065,0.0703102261621254,-0.0006223012018842,0.2850876172115181,0.1615037134314634,0.3352990064796188,0.2693701216026498
tnw04.6m,0.1655785533373515,0.1160367140473398,0.0850957497140235,-0.0239363649322675,0.2686108916005328,0.0576989846123714,0.3080826724627205,0.1921291797758175
tnw04.8m,0.1412237811335148,0.0920335259716322,0.1011698060345115,-0.0399646261826489,0.2805558743163176,-0.0453872054199342,0.2789378595133648,0.1221000413229709
tnw04.10m,0.1255040021105598,0.0692721506043697,0.1192769273627482,-0.0483203294478026,0.3151231425666179,-0.1086669290085819,0.2750202324600642,0.0751929328118086
tnw04.12m,0.1108680947443279,0.0459358008769034,0.129984906400433,-0.0594213647563952,0.329836772359219,-0.1124212755763819,0.2738323766288208,0.0544422608174128
tnw04.20m,0.1094909247690638,0.0109640136154556,0.1155757498059276,-0.0593932857081357,0.4297297609058662,-0.2079376132056426,0.3058391110380966,-0.0292182245221609
tnw05.2m,0.2686866252542311,0.1955473266156445,,,,,0.4181306675017423,0.3862523451508077
tnw05.4m,0.2785506184404003,0.1905263768815566,,,,,0.3956100610418269,0.3498014609086852
tnw05.6m,0.289109905083416,0.1736053227985386,,,,,0.3702247809928577,0.2908621813746292
tnw05.8m,0.268857664109507,0.1451521595899458,,,,,0.3171606537795904,0.1907426249354637
tnw05.10m,0.2511208773565231,0.1189622614242113,,,,,0.2966869384274919,0.1180195437986295
tnw05.12m,0.2439997469338795,0.104576574016832,,,,,0.2890651618081934,0.0846258540187535
tnw05.20m,0.2175607219938849,0.0804116781944425,,,,,0.3238306231409726,-0.0381583307293059
tnw06.2m,0.2771551763404323,0.1943302751925843,0.1250202533678781,0.059816205252611,0.4322442187572127,0.2538086548013573,0.4024932187813081,0.3477576760087486
tnw06.4m,0.2658689151762431,0.1807641675479814,0.1212300895136744,0.014806435320598,0.4326647623246373,0.0816587845963139,0.3626003983714498,0.2646459564428395
tnw06.6m,0.2649331178668302,0.1715725990499041,0.129064280780781,-0.0059115166279292,0.4721931788549453,0.0099282367143233,0.3743577063077979,0.2163158913852012
tnw06.8m,0.2452198604347136,0.1489862443247356,0.1251520566493058,-0.0112388365821759,0.4886743056960715,-0.0316802996591102,0.3751797978582363,0.1664332009810336
tnw06.10m,0.2296316439133816,0.1237310528922329,0.1220928667571436,-0.0183020621240424,0.5353446175110296,-0.1207408012290511,0.390809512398407,0.1019730218596777
tnw06.12m,0.2220710174605386,0.1149842912121202,0.1223975481233978,-0.0268947375460374,0.5656817145906746,-0.1671323222050731,0.4052965658583531,0.0724795761946775
tnw06.20m,0.2121492822865949,0.0996644560921144,0.1201503785204994,-0.0403157402163742,0.5542179204576102,-0.1548281908523473,0.4186720664217111,0.0380137896748205
tnw07.4m,0.2385988961100801,0.160395662515103,0.195129380369125,0.1303718936705269,0.7508522222922243,0.5543986885745004,0.3454131268699748,0.2811610210929165
tnw07.6m,0.2300146775059535,0.1480532860910632,0.1882317156376527,0.1111915896795341,0.7858531573597416,0.5124477645981957,0.3328799501100641,0.2315974414542614
tnw07.8m,0.2176108427754484,0.1335767927512089,0.1708973596652502,0.089819965035872,0.7385349418059478,0.366095236929968,0.3161982831732136,0.1601675584053706
tnw07.10m,0.2052015388408345,0.1143552869494197,0.1585066213937698,0.070090297499798,0.7095624498786669,0.2253443889021616,0.3104206247638674,0.0902017631764958
tnw07.12m,0.2146578366419456,0.0697589878201028,0.1549913373082382,0.0673103437691589,0.6926731611697868,0.0563791341269376,0.3212954962681194,0.0793898827924616
tnw07.20m,0.1951745972332334,0.100343875764993,0.1484868856926078,0.0717981225766112,0.6702015922311791,-0.0393009607813897,0.3724105483080161,0.0090278419621656
tnw07.30m,0.2180808012515824,0.0923663153570164,0.1229273645527859,0.0580815581028146,0.654413601284428,-0.127464830905478,0.4156929291530037,0.001192148884123
tnw07.40m,0.2529122255174437,0.0850901753517164,0.1163359595244386,0.0325096873310069,0.6711469378692964,-0.2067536013791839,0.4405118160197035,-0.0073238677778027
tnw07.60m,0.286381061469821,0.0780963597132368,0.1684725964576992,-0.0084295369686883,0.7002276962502262,-0.1975149343441231,0.4588865075720363,0.0170036732690997
tnw08.2m,0.2926399782615305,0.2210116566737884,0.0784316265983826,0.0323542713849668,0.5464545286866921,0.2769675065840392,0.4612002345214813,0.3558518264302363
tnw08.10m,0.2587490179603085,0.1104499467599009,0.1064605035786335,-0.0227562423221792,0.6780499792786568,0.0799311795773575,0.5315982535602243,0.187827521925934
tnw08.20m,0.2663557222097683,0.0942308543341887,0.1378556648101149,-0.0675522683847834,0.618959324431325,0.0328922674148216,0.5832195922139459,0.0868404423735323
tnw09.2m,0.2111356054079855,0.1597385543197697,0.0837143135932569,0.0333826780785743,0.5060860741722498,0.1880836299953732,0.44088177391052,0.3208330843439971
tnw09.10m,0.2578064065075746,0.1066179254536495,0.1274099040148252,-0.0863328287190407,0.6214601850010296,-0.0360358687465437,0.5765089613646528,0.2122779938441134
tnw10.10m,0.2108771249393546,0.0966469177491761,0.1661348993771644,-0.1390690155396312,0.5013881701158873,-0.1645822093977133,0.4246990193822518,0.1500356898277622
tnw10.20m,0.1925413015452802,0.0286241370327577,0.232787520783466,-0.1510618856172954,0.7734998534395544,-0.6256794704619564,0.4442036220584501,0.0322379128489693
tnw10.30m,0.2051527810733006,-0.0087654195915174,0.0846690116111983,-0.0538977578889954,0.6528546212585441,-0.4418372634989472,0.431693480884038,0.0081946168312178
tnw10.40m,0.2122046726846029,-0.0236629472016561,0.0533107933170233,-0.0375266004062047,0.5292049237620201,-0.3052573352644431,0.4388258389793093,-0.0307061529988643
tnw10.60m,0.210254817576146,-0.0417236709902938,0.046521789190459,-0.0333159358107794,0.4981446301382845,-0.2604852138185429,0.4197081699418999,-0.0686485351183542
tnw11.2m,0.3209222837190781,0.2328305056542462,0.1716986147609838,0.1035776141630719,0.6921526507143486,0.6777058787147406,0.5614373730549582,0.5150689822508104
tnw11.10m,0.2138991797158962,0.099011846653731,0.0681275320447591,-0.0469041574045576,0.2980594886074783,-0.1447533829740217,0.3340886709604665,0.1493779980427562
tnw11.20m,0.1732805402819002,0.0219595851815961,0.0537273129539154,-0.0380638252536117,0.3281911660119904,-0.2186060449806628,0.3243522141063545,0.0315531067805005
tnw12.2m,0.2493414590320091,0.1719716783628748,0.0773295165144016,0.0261823386169042,0.5163275168361986,0.4782716238607795,0.5213942422174302,0.4618430891055595
tnw12.4m,0.248855021924867,0.1640901882409417,0.0583048107837398,-0.0272701062144914,0.279719122013555,0.190358564703368,0.4105582241236419,0.3125923709921481
tnw12.6m,0.2475544060495258,0.1563858602217561,0.0750060695444676,-0.053201945386016,0.236564796301028,-0.0235704348635013,0.3652629242309436,0.2086170895007589
tnw12.8m,0.2360837886821584,0.1370482213121537,0.0663898100384954,-0.0471322676843027,0.24278743506293,-0.078467411931926,0.3492001635930686,0.1504802777273888
tnw12.10m,0.2290233643495472,0.1228636931826075,0.059132785752965,-0.0418471410347561,0.2613158771953339,-0.1159463991279022,0.3434341167670127,0.0991894508232029
tnw12.12m,0.2233825787228006,0.0981534991228715,0.0516718172722788,-0.0373178542202871,0.2694393098245758,-0.132051415941069,0.3340208228426908,0.0661571535846749
tnw12.20m,0.1902280271253893,0.0105841451868004,0.0484715299024273,-0.0358628237883926,0.2836298195773201,-0.1597142288733445,0.3343548403972484,-0.0006278653995753
tnw12.30m,0.1834305036921596,-0.0138528610405225,0.0486358376622062,-0.0337352152816487,0.2858433615886445,-0.1822869819689492,0.3568037399602245,-0.0549422007383941
tnw13.2m,0.0447124913559213,0.0215391888900759,0.0240823251607338,0.0061075804689387,0.2249056188182565,0.2031771762098098,0.2707396172398529,0.24158312347917
tnw13.4m,0.0892411429802505,0.0530542149813483,0.0398889455079346,0.0129713084754715,0.4259344784923456,0.3802616528412487,0.5022995891359332,0.4501339748435291
tnw13.6m,0.1011334022991336,0.0561370948176652,0.0308048851536123,0.0059267257315292,0.4019658794744591,0.3307435371464168,0.5218924663295086,0.4576814406374873
tnw13.8m,0.1215207852768764,0.0666409607665386,0.0269632204508205,0.0042025659389298,0.4066609194652033,0.3165121350280979,0.5358082568186671,0.4625547301918772
tnw13.10m,0.1302405365839262,0.063299171860301,0.0266272826039818,-0.0024194639506009,0.335579879201022,0.2109506365444032,0.5020839101952209,0.417192666299878
tnw13.12m,0.1289980416792446,0.0460965079679198,0.031501846069861,-0.0131973622264617,0.2605634755120243,0.0925062501609258,0.4312462675334014,0.3264904751299494
tnw13.20m,0.1791094165238063,0.0439752707944872,0.0484901881442336,-0.0360557063903639,0.2906818357540767,-0.1413375933626959,0.3347683840400706,0.0671368724412766
tnw13.30m,0.2300409003204784,0.046535156663727,0.0486210356057379,-0.0375770204752078,0.325067870049508,-0.1871389992694165,0.3547729372135613,-0.0164698874249775
tnw14.2m,0.2166828761432011,0.147132655213116,0.0200746203172584,0.0032757669907989,0.3748410853894799,0.32768399229951,0.4644910749667441,0.4155506336559303
tnw14.4m,0.2020897010949966,0.1366023077868332,0.018649079857426,0.0047646447108565,0.3788722685981975,0.3210702343498474,0.4740632725107799,0.4223763426289202
tnw14.6m,0.1905825624833531,0.1167629277883934,0.0186726506134242,0.0039254814041432,0.4190859026934109,0.3405507988372857,0.5105433400930541,0.4529780845116655
tnw14.8m,0.1816054666170558,0.1046247674378397,0.0175661501018468,0.0023663148451223,0.4111357725995522,0.3245726792818915,0.4887467936120194,0.4305730291653358
tnw14.10m,0.1748750699041437,0.0909498968477556,0.0184531139659391,-0.0027534171956605,0.3728545868833254,0.2759775805085361,0.4439080789203385,0.3852869871475259
tnw14.12m,0.162093496301844,0.072966823482531,0.0238103494991588,-0.0111085807828936,0.2805166373061951,0.1620431762251295,0.3725457198878746,0.2991062776007044
tnw14.20m,0.1454971398866224,-0.0075582552526225,0.0418848505456129,-0.0291031246329543,0.2981639847815844,-0.1288165714262261,0.2969769919188691,0.0547513220794508
tnw14.30m,0.2023919907814632,0.0157328982096307,0.0440587384685725,-0.0306181032866234,0.3640392791686099,-0.2003536068607254,0.2946553825426162,-0.0130918122581642
tnw15.2m,0.2867206437818044,0.2068082812340732,0.0160627053645802,0.0040879505550542,0.397697515556431,0.3488325360182467,0.4478066901020999,0.4093435719759654
tnw15.4m,0.2460854793912733,0.1716694579479585,0.0163874450126208,0.0046719405027951,0.3353614894750303,0.2737497536072314,0.4450965916900221,0.3931158803715434
tnw15.6m,0.2191652050797455,0.1362640313444684,0.0177512219263342,0.004206327688189,0.2657604482024509,0.1688730484743059,0.4284726118273176,0.357038062713662
tnw15.8m,0.2063149621419832,0.1177969364221267,0.0188801126103474,0.0034328755962089,0.2281198287852914,0.0714648892419345,0.3823727446633908,0.2924870066417983
tnw15.10m,0.1906204372032119,0.0901755453927638,0.0218111363078467,-0.003428425167014,0.2325508550500753,0.0203544380657134,0.3531932599780498,0.2458923656807468
tnw15.12m,0.1765499875636187,0.0557286241099977,0.0284300790908354,-0.0142977639609899,0.2401924854251572,-0.0251423015469227,0.3291675480763045,0.2008142350505588
tnw15.20m,0.1759693340555992,-0.0165298210507231,0.0470471484985198,-0.0301357309874132,0.2899985981397512,-0.1239690227077463,0.2913903942145793,0.0678609251520683
tnw15.30m,0.1963786203546955,0.0067731208143488,0.0538731480823144,-0.0333803274753503,0.3432522731347031,-0.1861583699005385,0.2778738203120409,-0.0061434644306456
tnw16.2m,0.2850119998509747,0.2108137744133168,0.0134845637336757,-0.0007179524005241,0.2097262880972159,0.1776796286230919,0.2936340449044326,0.2471153960864914
tnw16.4m,0.2971313991404439,0.2063237435676427,0.0243305597956357,-0.0119526948261111,0.2560287844759466,0.2034124001291339,0.3753232416581312,0.3028912288271344
tnw16.6m,0.2532426090466281,0.1502381463148607,0.0313721912711701,-0.0223473727115561,0.2283275370571191,0.1396783447214063,0.3812787972836983,0.2766515256794408
tnw16.8m,0.2288663070346908,0.1184657280535199,0.0314666506614206,-0.0216488761127798,0.213283651794976,0.060530637494168,0.3734882019658445,0.2256167958441937
tnw16.10m,0.210454304015494,0.0942312102429552,0.0252097273185956,-0.0129978876185323,0.240048348520536,0.0005598591421833,0.3656870005226235,0.1789768657230195
tnw16.12m,0.1947877947898114,0.0543153966197584,0.0301073243819517,-0.0177970293073267,0.2721537125086692,-0.0451175917989908,0.3519854372253838,0.1395470432974966
tnw16.20m,0.1777813106841849,-0.0184685527494154,0.0577475025740098,-0.0387697753412878,0.3020030385575338,-0.1277431812077541,0.3144024899588939,0.0507149026365464
tnw16.30m,0.1959636893796782,-0.0062135329620435,0.0491462062813914,-0.0295155565693464,0.3453852364974148,-0.1829273782126901,0.2977682930685233,0.002626182103644
tse01.10m,0.1616354985733146,0.076649136606803,0.145019819521626,0.0670960988064902,0.7502532855707655,0.3406739672962174,0.4643714762528243,0.2721015381976847
tse01.30m,0.1682806625048109,0.0751985517478319,0.2350968049540929,-0.074340850265276,0.7581329048888585,-0.1816753538220634,0.5550979829447952,0.0806436346671291
tse02.10m,0.1776339688916091,0.1224945520794819,0.3191525001199904,-0.2148310117832921,0.5369608570556659,0.1090747720477673,0.6376132606123168,0.5128945156872537
tse02.30m,0.1258292821768046,0.0355126905092298,0.6055883777860325,-0.4014134019848255,0.9014932113313792,-0.6614430685858175,0.4137702614654356,-0.0046734102547379
tse04.10m,0.1706853112317763,0.0886249588329122,0.1457725650694933,-0.100852880951337,0.438128087057807,-0.2253217000348289,0.3843921934265618,0.1094555338813276
tse04.20m,0.134192669492814,0.0131289498095191,0.1162499871993721,-0.0851190036843957,0.4430825211650673,-0.2570501998294051,0.4217086379070564,0.070060153381957
tse04.30m,0.1068964086284497,-0.0026921734277156,0.113322455606041,-0.0853207416000726,0.3945306473061147,-0.2387418628543989,0.4376358927292614,0.0448920207450192
tse04.40m,0.0912835168634795,-0.0098429567613971,0.0979121768743076,-0.0703275109026111,0.3709158485780075,-0.2221286448200911,0.4642318395673612,0.0030377472906218
tse04.60m,0.1012103123669745,-0.0171873278809759,0.076924151800817,-0.0515410836363037,0.37779855770585,-0.1898665882272468,0.4543333694515923,-0.0270010714531526
tse04.80m,0.109559100155929,-0.0172450880081038,0.0799442286315173,-0.0495675131153103,0.3406926501099037,-0.1443423036678529,0.4296599767383032,-0.0590328483719198
tse04.100m,0.1099725834234496,-0.0104107572240592,0.0827724657882721,-0.0468130184643499,0.3370394318009608,-0.0930483379154873,0.4186494224607959,-0.0720630859068766
tse05.2m,,,,,,,,
tse06.10m,0.1578339869710842,0.0386865856091694,0.1228567933940589,-0.00829167738957,0.3760167325034766,-0.0461799361300217,0.4378892791995482,0.0548318149518948
tse06.20m,0.169738231507501,0.0329279825306596,0.1097491883556453,-0.0247935361493607,0.3790640402466986,-0.1072351996169749,0.4374104423548062,0.004618368881401
tse06.30m,0.1723844398563808,0.0006303838273179,0.11388103358139,-0.0557450689769593,0.382727721723391,-0.1283873899077306,0.4147195775892578,-0.0485544466392645
tse06.40m,0.1270188938468162,-0.002733230506242,0.1212269978306767,-0.0665689122170686,0.3652260438714712,-0.079976419703639,0.4069667549277317,-0.0413577325985153
tse06.60m,0.1293586354789434,-0.0309491364524814,0.1440182706163115,-0.0847398334527368,0.3228742560686285,-0.1032479459241833,0.3889258047039732,-0.0502166351668316
tse07.10m,0.200035649017069,0.1264336970645296,0.1218104256558975,0.0435180273298984,0.4555856086586319,0.2489618660818701,0.3608608131498369,0.2443880780617671
tse07.20m,0.2004483324427787,0.0894103222177026,0.1150651967324658,0.036324175470451,0.4098212889257838,-0.0002649253938205,0.282488335720957,0.057931392578614
tse08.10m,0.1651994603320855,0.0834206196891123,0.1721714514535952,0.030543407171217,0.5650121229091932,0.2627167873286569,0.3572221827916677,0.2146582798843583
tse08.20m,0.1581067579162466,0.0595711356527787,0.177843469636356,0.0452880890535448,0.4932841996281586,-0.0174086781395264,0.3368518601999916,0.0499409289145966
tse09.10m,0.2167567512515562,0.1177943814007147,0.1437120491839061,0.0326914273468125,0.6741507645273056,0.4199702117469473,0.4181728317859321,0.2723556913867075
tse09.20m,0.1893881924100743,0.0610796232433327,0.1672790147753469,0.0103317301320259,0.5974538173655414,0.0646411547780786,0.3450126798911196,0.0334506501774631
tse09.30m,0.1849677873917823,0.0750119856781552,0.1478833640711709,0.0267014964953737,0.6099363620728135,0.0209426923854088,0.3767339902111937,-0.0164650240205543
tse09.40m,0.1990849233558673,0.0922377635619634,0.1455529257650718,0.0302637297531302,0.614111258228754,-0.0093427577932909,0.4014502442263213,-0.0202832650926644
tse09.60m,0.2120882953134306,0.1010899985352005,0.1384911851414627,0.0212333589932241,0.6191341868102834,0.0499348289844239,0.385970522014181,0.0071865311217747
tse09.80m,0.1694029445482837,0.0756013467631594,0.2122180201736585,-0.04404666692361,0.6904321771255402,0.0527585469751605,0.3527322088238039,0.0278066988849792
tse09.100m,0.1375064360581624,0.0484657398129139,0.2260074152936706,-0.0840256161519153,0.7540449044687473,0.0796533795861608,0.3717940424149491,0.0284405584017368
tse10.10m,0.2328331035910125,0.1624498254713065,0.1301295866314746,0.0652290536306192,0.7902269308684604,0.5057014770696786,0.7412703082417845,0.5448788985363093
tse10.30m,0.2143043126277169,0.117722480949969,0.2014351499074721,-0.0693626899680077,0.6586634245024607,-0.0479756191222601,0.5233152915309348,0.1297052317603519
tse11.10m,0.1752796913208936,0.11967987079469,0.1128084817621919,-0.0536879568591647,0.5244571756325419,0.1818256860063503,0.6248446698932355,0.3797657773911949
tse11.20m,0.1676653188317297,0.0909989412164036,0.2200186093384068,-0.1508230723982769,0.5132256859831659,-0.1301334746069728,0.5957010620470888,0.2170070245830618
tse11.30m,0.17762240068707,0.0897571529032323,0.2523620170962788,-0.1817487709062236,0.6585095020224013,-0.3382471968234775,0.5960047936386635,0.1407209480729192
tse11.40m,0.1941053932085042,0.0943296928590284,0.2742432690051603,-0.1647714995919223,0.7003827317768935,-0.3911570633979778,0.6124106274192304,0.1058840810476059
tse11.60m,0.1577608078659523,0.0575892878877555,0.254254238524055,-0.1467190750332614,0.6749572767570287,-0.3062178781997741,0.641991479912255,0.0724705010249192
tse12.10m,0.2161534174774559,0.1528322574418347,0.033300071898455,0.0007493892252691,0.5760150821933814,0.3654000536944727,0.6525593438781343,0.5256376841398653
tse12.20m,0.1611950573465345,0.035064153479255,0.2044585652515995,-0.1536700398994794,0.5637810946418873,-0.3008960221947288,0.5752927694794442,0.1541414213613752
tse13.10m,0.1581601939279902,0.0606812515903544,0.1569128681596041,-0.125484264215489,0.3469947060540312,-0.2618093611907219,0.2774336111103728,0.1100145609522374
tse13.20m,0.1632624785631341,0.0060776685607568,0.0400336810947804,-0.0276453730700428,0.3977790332477439,-0.2766307099434379,0.2710210905617266,-0.0180676514744618
tse13.30m,0.1528183664916955,-0.0052852508609314,0.0328530719070948,-0.0209457952915058,0.40867070818028,-0.2587213781019273,0.3210966788851059,-0.035380116684553
tse13.40m,0.142633185184494,-0.0130214109043674,0.0333348308943866,-0.0222353748616905,0.3957574743939223,-0.2337578819719871,0.3448925540551619,-0.0426539400875938
tse13.60m,0.1454206883144452,-0.0379547538548364,0.0311279970561067,-0.0230781931835157,0.3865298388343776,-0.2134554649129052,0.393807031052755,-0.0589396090477621
tse13.80m,0.1406334259534356,-0.0334834954233125,0.0292619446834723,-0.0236718908848138,0.3681486046097769,-0.1932067295709991,0.3898669569165192,-0.087832591391286
tse13.100m,0.132948159601169,-0.0326805391377718,0.0269077771669838,-0.0210818983242383,0.3626280772988806,-0.1792525446649535,0.3830120887673817,-0.0999011420765918
rsw01.10m,0.1681984251798434,0.092324890730552,0.1886455967159001,-0.0507886110189815,0.3593424355056906,-0.1887351604712489,0.3452422291775507,0.1811617553358454
rsw01.20m,0.1930587751518525,0.0356056727055719,0.1413380672202359,-0.0565498916142077,0.3557178304770887,-0.2151134386286728,0.3179765087508124,0.0780220170074091
rsw02.10m,0.2080802518314215,0.1014584907614577,0.5861607262965906,-0.4223856585592007,0.5694574642817828,-0.3134774843611126,0.4265287804254293,0.3354984387245766
rsw02.20m,0.1714528141566983,0.0475555750900602,0.0928697227202272,-0.0638486261942455,0.4207842474252159,-0.2419936342074085,0.2639304267012734,0.071266152989328
rsw03.10m,0.1393405647558651,0.0533405450514011,0.0955604109665449,-0.0639178498405076,0.336350758813386,-0.1712101511309116,0.3106403554051891,0.115013738837194
rsw03.20m,0.1693131049101102,0.0226054348925948,0.0942964272817415,-0.0679174627374196,0.3395004949330907,-0.1934299302954525,0.3007439480624767,0.0367802781835267
rsw03.30m,0.1512743375840412,0.0215136860898187,0.1068542731429574,-0.0801708244590612,0.327347936135408,-0.1869556653420987,0.3167053547855868,0.0062866617304718
rsw03.40m,0.1150648050376857,0.0196344172318928,0.0919720693042839,-0.0685405181085517,0.3613852960491097,-0.2016688940114987,0.3367800341040252,-0.0338834892144781
rsw03.60m,0.1156536142715902,0.0208774081237521,0.0641099695785662,-0.044753472565311,0.3714141328489847,-0.1863261773541621,0.350357372869187,-0.0696858191389149
rsw04.10m,0.1434941306836321,0.0582373194324564,0.1169801030398196,-0.078962039832049,0.35972057479889,-0.1237170714928697,0.3542960280593877,0.1297173521783176
rsw05.10m,0.1598693056656334,0.0574797326310922,0.1322037373649571,-0.0917598238324674,0.4157778747725987,-0.199162324072831,0.3268702970603411,0.0573852215194542
rsw06.10m,0.1259678100339817,0.031317689129033,0.1166216535174661,-0.0780147604442965,0.4055321486287244,-0.1286929528224244,0.2943049170993572,0.017637263126465
rsw06.20m,0.1142610000261949,-0.0175955059946308,0.1068396870911565,-0.0705729072631619,0.4605068348316815,-0.2658391224961774,0.2989906844497125,-0.0430934360421031
rsw06.30m,0.1291201511501124,-0.0167835483725563,0.0928945846473269,-0.0599977419132937,0.4627401813404423,-0.3017849836795444,0.3221962913526072,-0.0750292084821444
rsw06.40m,0.1196920466237966,-0.0191514491341813,0.0704828062601791,-0.0498433657371422,0.4564991710141003,-0.3099355424324683,0.3360249251806227,-0.1173709551886846
rsw06.60m,0.1143543682912227,-0.026860503880307,0.0486543132188447,-0.0349181552102311,0.3876834287647802,-0.2516684144121436,0.3487407284386924,-0.1377213900252567
rsw07.10m,0.2086815392351554,-0.1145708951390667,0.1758594250479568,-0.1131273567289363,0.3663379868674401,-0.1530652477496818,0.3484986667542509,0.1389428879494977
rsw07.20m,0.1070558482173689,-0.0551931175278754,0.1447713561227502,-0.1008973898812709,0.3876492646564785,-0.1683704040199217,0.3286377304435088,0.0256082980142567
rsw08.10m,0.1582647277772247,-0.086780275892951,0.1773633456904214,-0.1267551416284837,0.3430880219264188,-0.1635928151252419,0.3680307076104164,0.0579652280447598
rsw08.20m,0.0950059014321145,-0.0441416170004378,0.14082089838099,-0.1125147500923655,0.3251695018196361,-0.1683783734657241,0.3458720597307241,-0.0334499421847902
rne01.10m,0.2072180769152616,0.1183474201823734,0.0947839275367869,-0.0681556667326503,0.3456827942898398,-0.1988115747309894,0.2891432667124715,0.1028861059920382
rne02.10m,0.1850487024622087,0.1043370224444624,0.1051776306167649,-0.0796554450159608,0.3463590739497825,-0.1870670520637254,0.3112920880220988,0.2037397679057426
rne02.20m,0.1381421796583038,0.0513023860830577,0.0418283864785039,-0.0298648742251563,0.4079226580698398,-0.2202229620630126,0.3035878494175091,0.0516654997710348
rne03.10m,0.1870816886816294,0.0971671775776196,0.0448338138836337,-0.0243942671476573,0.2751750046739297,-0.1176937747938824,0.2509589600105933,0.1381508272080485
rnw04.10m,,,,,,,,
rne06.10m,0.1814205746381088,0.0461458318187199,0.0405183201939749,-0.028582041611104,0.2858859584880713,-0.1045518057193837,0.3530645141117308,0.1646855352970654
rne06.20m,0.2034943970829538,0.0024260206041811,0.0442647935178532,-0.0300409891384463,0.3341776172592892,-0.1884480721151552,0.2959993255953022,0.0615540530682759
rne07.10m,0.2043550984514335,0.0803374366079631,0.0507878290791775,-0.0313970542738147,0.4301168695919399,-0.2297301399205502,0.2873987745792895,0.1318824392398496
rne07.20m,,,,,,,,
v01.2m,0.11848318948991284,0.0883114819941559,0.11238067022444738,0.05214053105549908,0.4289783471298159,0.25746272521752667,0.37454019068756333,0.29672129607792463
v01.10m,0.1962266857132536,0.14202701648674848,0.14124029377313135,0.0826066799684005,0.6216451413688451,0.3100222704796839,0.45545877553164255,0.2986679867870758
v03.2m,0.23352076395901483,0.16286167354375836,0.1437057819341223,0.06972994796240269,0.5313415150632544,0.37129153657073355,0.29007260829145215,0.22109000042527924
v03.10m,0.18738541127012467,0.13079929210955774,0.1181554110026295,0.054792562305016834,0.6624967691237335,0.2995296089038113,0.3737487650916847,0.17202227632283124
v04.2m,0.19590309150943266,0.12961234571841973,0.15420301429361483,0.08579859191946657,0.6156532570291602,0.4622367691289819,0.3834789132800274,0.3332541575071104
v04.10m,0.20532756703589417,0.12764426517915722,0.15576861784713877,0.07380574639826744,0.7894690424995346,0.23978512390539178,0.38138779967706427,0.14397444672467388
v05.2m,0.17849876922268526,0.11532134688272395,0.14674710295893023,0.08873509769370784,0.5880681203108091,0.488536122103145,0.44277867672476207,0.37489911722161057
v05.10m,0.21252325746901693,0.1317688810307563,0.13492544089880024,0.061736435823643715,0.7848906254143062,0.5141482547615123,0.46990344425829833,0.23975036254899393
v05.20m,0.24020769194788627,0.11375562200242119,0.14520932927641328,0.06259240365744038,0.7080520398443312,0.2018849961559223,0.4664767461922084,-0.00274549389075662
v06.2m,0.22347308596282464,0.1487329798588508,0.20200444893720299,0.13176306871711635,0.5384878387334305,0.44798815816840526,0.39469399435700336,0.33386873762264446
v06.10m,0.23917769776331393,0.11784668200574178,0.13062143957191963,0.07235205491895558,0.49266278064650476,0.12898316112054475,0.4255385910179809,0.09768502822680654
v06.20m,0.28288912279074174,0.09931211062288454,0.12541999080256605,0.060449712663136354,0.4917661634131437,0.0027962391350904647,0.4462687989397323,0.014177964398264322
v07.2m,0.2756283776304584,0.19544930434912755,0.21297627048041512,0.13578061269735384,0.6583840191894278,0.4599113397395529,0.3357583772362601,0.2475260477198186
v07.4m,0.2593199520108191,0.1741782938210858,0.19935180289549492,0.11421368686364669,0.700748578908099,0.3998522453406343,0.34160278498719476,0.18801553534946083
v07.6m,0.24941242747305115,0.15830251210159021,0.19633339144371995,0.09601443454886732,0.7702375395903664,0.3926983742908168,0.35715198533303916,0.16536864682794242
v07.8m,0.2406285254431026,0.14695944210142411,0.1918399701869012,0.07988960356806547,0.7394940988458217,0.3980761314122153,0.3641417815485856,0.17566979508242575
v07.10m,0.2363379668147136,0.1409552045759796,0.19176781169743076,0.07055738341483851,0.7288054621670439,0.2985385181464122,0.35560185822366336,0.10884695414409032
v07.12m,0.22805631857367456,0.13206068099850066,0.190723979457444,0.05577071425420105,0.7109903827571395,0.21449316934763699,0.3645808361876312,0.05994383318746155
v07.20m,0.2179975910992388,0.12236286732280242,0.1850770804157191,0.044614154678036935,0.6420345399468139,0.05028896487524001,0.3908784864984431,0.03228999503570811
EXTREME_SW,,,,,,,,
EXTREME_NE,,,,,,,,
